{"data_loading_time": 0.3816390037536621, "data_processing_time": 3.155039072036743, "data_normalization_time": 1.6039648056030273, "n_epochs": 2, "batch_size": 32, "n_training_batches": 11250, "n_val_batches": 3750, "training_time_module": 223.8923819065094, "training_time_epoch_wise": [116.85835349999999, 106.4437418], "training_loss": [3.6582723378878566, 2.9676374854230363], "validation_loss": [3.7042386218585124, 3.4456999281628016], "inference_size": 29970, "inference_time": 7.944746732711792, "test_Kloss_model": 29.547762992116976, "test_Kloss_calc": 29.547762992117004, "eigen_real": [0.9889352708707764, 0.9999904658805182, 0.837287744580426, -0.13280571712632155, -0.13280571712632155, 0.7503459875796182, 0.13658045021244922, 0.13658045021244922, 0.4100142608553893, 0.4100142608553893, 0.6633571802941582, 0.6633571802941582, 0.6812471775843859, 0.4980858026003804, 0.4980858026003804, -0.26723617579589765, -0.26723617579589765, -0.45600043164585347, -0.45600043164585347, -0.6413865659558979, -0.6413865659558979, -0.5754081681524792, -0.5754081681524792, -0.3525132870108031, -0.3525132870108031, -0.4589072177525033, -0.4589072177525033, 0.6414339216560362, 0.6414339216560362, -0.6069369097289661, -0.6069369097289661, -0.5643758253471882, -0.5643758253471882, 0.31690749841218513, 0.31690749841218513, 0.5866229399771916, 0.5866229399771916, -0.5756187928593031, -0.5756187928593031, -0.48317353633373494, -0.48317353633373494, -0.38507361885585367, -0.38507361885585367, 0.24760541871167724, 0.24760541871167724, 0.6110664414648403, 0.6110664414648403, -0.18519645831501835, -0.18519645831501835, 0.10950085633896742, 0.10950085633896742, 0.5971221603234446, 0.397160182302212, 0.397160182302212, -0.46486641349737345, -0.46486641349737345, -0.09750433765086781, -0.09750433765086781, -0.3173199635665943, -0.3173199635665943, 0.37215642441994856, 0.37215642441994856, 0.5117715787145831, 0.5117715787145831, 0.5572621962383564, 0.5572621962383564, 0.25164673115674946, 0.25164673115674946, 0.4108104835959647, 0.4108104835959647, -0.5470510800750348, -0.14796583535756513, -0.14796583535756513, -0.023331035511403017, -0.023331035511403017, 0.09032608699887827, 0.09032608699887827, -0.37822829064357455, -0.37822829064357455, 0.4664015269656271, 0.4664015269656271, 0.21603094742476786, 0.21603094742476786, -0.4801059022705402, -0.4801059022705402, -0.3793221418771502, -0.3793221418771502, -0.496685308425434, -0.19183622237997588, -0.19183622237997588, 0.05856085391645456, 0.05856085391645456, 0.5033570141960573, -0.20623219668738912, -0.20623219668738912, 0.4899403602562563, 0.4899403602562563, -0.24154081355259793, -0.24154081355259793, -0.4533405676188474, -0.4533405676188474, -0.44427035283766547, -0.44427035283766547, 0.43999612737367455, 0.43999612737367455, 0.3077173635513416, 0.3077173635513416, -0.36083496097006973, -0.36083496097006973, -0.2719604851909415, -0.2719604851909415, -0.06195008195256853, -0.06195008195256853, -0.40436879450342245, -0.40436879450342245, 0.14905771812304008, 0.14905771812304008, 0.2848853119289434, 0.2848853119289434, 0.25070452052730674, 0.25070452052730674, -0.09507109447721523, -0.09507109447721523, 0.002745941447861583, 0.002745941447861583, 0.08492261275989739, 0.08492261275989739, 0.3323486861244673, 0.3323486861244673, 0.39595733407039996, 0.39595733407039996, 0.4330366256953767, 0.4330366256953767, 0.19514277019145207, 0.19514277019145207, -0.08231459988836518, -0.08231459988836518, 0.1398857284519425, 0.1398857284519425, -0.36025771017182473, -0.36025771017182473, -0.15327861125134346, -0.15327861125134346, 0.3662815554542743, 0.3662815554542743, -0.27316750223826297, -0.27316750223826297, -0.3129785238172089, -0.3129785238172089, 0.35775403736468536, 0.35775403736468536, 0.25867391224999003, 0.25867391224999003, -0.16652452242155152, -0.16652452242155152, 0.04291619055717548, 0.04291619055717548, 0.1437513573186936, 0.1437513573186936, -0.22176316020939282, -0.22176316020939282, -0.058990620891430964, -0.058990620891430964, -0.2540053251942097, -0.19964915392244276, -0.19964915392244276, -0.15367395134519082, -0.15367395134519082, 0.2864609254454519, 0.2864609254454519, 0.03730671808977415, 0.03730671808977415, 0.24363364203205223, 0.24363364203205223, -0.2173994744443197, 0.2216309428745475, 0.2216309428745475, -0.10999650739551248, -0.10999650739551248, 0.11627291307612711, 0.11627291307612711, 0.18450475098316388, 0.18450475098316388, 0.06861513179832598, 0.06861513179832598, -0.011634414366389359, -0.011634414366389359, -0.10850262477215566, -0.10850262477215566, -0.07884915104486497, -0.1215690285198596, -0.1215690285198596, 0.14244343336527066, 0.14244343336527066, -0.038617420222490303, -0.038617420222490303, 0.025110138045181904, 0.025110138045181904, 0.1066172563821334, 0.1066172563821334],